sensor_id,timestamp,temperature,humidity,location,sensor_type
1065,2025-04-06 00:12:29,32.3,42.5,BuildingA_Floor1,TypeC
1032,2025-04-08 20:14:27,34.8,66.49,BuildingB_Floor1,TypeB
1039,2025-04-08 11:53:33,20.85,71.59,BuildingB_Floor2,TypeB
1070,2025-04-09 21:34:19,33.32,62.76,BuildingB_Floor1,TypeB
1049,2025-04-05 21:24:23,32.32,40.77,BuildingA_Floor2,TypeC
1025,2025-04-05 18:32:52,27.31,45.83,BuildingA_Floor1,TypeB
1085,2025-04-08 08:52:41,24.91,76.78,BuildingA_Floor2,TypeA
1005,2025-04-09 17:47:00,26.08,79.23,BuildingA_Floor2,TypeC
1071,2025-04-10 09:26:30,34.79,43.37,BuildingB_Floor2,TypeA
1056,2025-04-06 01:54:57,30.21,71.37,BuildingB_Floor1,TypeC
1044,2025-04-06 05:49:24,26.89,51.73,BuildingA_Floor2,TypeC
1021,2025-04-10 02:59:48,29.17,78.67,BuildingA_Floor2,TypeB
1060,2025-04-06 01:51:16,19.45,36.28,BuildingB_Floor1,TypeB
1096,2025-04-10 10:34:17,34.17,52.41,BuildingB_Floor2,TypeB
1017,2025-04-08 19:18:19,29.15,40.33,BuildingA_Floor1,TypeC
1042,2025-04-06 11:50:53,34.99,42.89,BuildingA_Floor1,TypeC
1021,2025-04-08 15:03:58,19.66,36.5,BuildingB_Floor1,TypeC
1028,2025-04-09 16:40:02,27.02,49.82,BuildingB_Floor1,TypeC
1063,2025-04-06 14:40:37,27.79,67.75,BuildingB_Floor1,TypeA
1000,2025-04-09 17:18:39,34.33,38.39,BuildingB_Floor1,TypeB
1015,2025-04-10 02:55:22,29.27,45.72,BuildingB_Floor1,TypeA
1097,2025-04-07 10:30:38,31.49,78.49,BuildingB_Floor1,TypeC
1063,2025-04-10 01:31:11,15.0,54.28,BuildingA_Floor1,TypeA
1026,2025-04-08 05:54:32,34.83,36.36,BuildingB_Floor2,TypeA
1002,2025-04-06 06:09:54,28.86,38.86,BuildingB_Floor2,TypeB
1024,2025-04-08 02:58:42,27.25,32.76,BuildingA_Floor1,TypeA
1080,2025-04-07 19:56:22,32.39,54.16,BuildingB_Floor1,TypeC
1091,2025-04-10 08:56:29,23.9,71.26,BuildingB_Floor1,TypeB
1052,2025-04-06 07:24:02,33.08,77.34,BuildingA_Floor1,TypeB
1067,2025-04-06 17:20:34,30.0,59.69,BuildingA_Floor2,TypeC
1060,2025-04-08 02:50:33,29.71,39.45,BuildingA_Floor1,TypeC
1082,2025-04-10 02:34:54,28.58,51.07,BuildingB_Floor1,TypeB
1043,2025-04-09 17:17:47,21.52,71.79,BuildingA_Floor2,TypeA
1090,2025-04-09 10:44:29,29.26,43.81,BuildingB_Floor1,TypeA
1013,2025-04-06 06:14:15,22.14,71.7,BuildingB_Floor1,TypeA
1051,2025-04-09 21:36:36,31.83,73.37,BuildingA_Floor1,TypeC
1066,2025-04-08 22:37:09,32.28,70.26,BuildingB_Floor2,TypeA
1053,2025-04-09 19:22:24,25.4,60.5,BuildingB_Floor1,TypeA
1064,2025-04-10 17:06:40,17.06,63.91,BuildingB_Floor2,TypeA
1040,2025-04-05 20:25:51,17.97,38.52,BuildingB_Floor1,TypeC
1081,2025-04-08 05:10:12,21.74,46.81,BuildingB_Floor1,TypeA
1027,2025-04-08 03:06:23,26.53,61.57,BuildingB_Floor2,TypeA
1046,2025-04-08 14:15:37,27.03,55.74,BuildingA_Floor1,TypeB
1052,2025-04-07 13:38:44,16.35,67.02,BuildingA_Floor2,TypeA
1006,2025-04-06 23:29:00,32.39,36.22,BuildingA_Floor2,TypeC
1034,2025-04-08 11:30:13,23.18,31.82,BuildingA_Floor2,TypeC
1038,2025-04-06 04:26:24,25.08,49.95,BuildingA_Floor1,TypeC
1058,2025-04-09 07:05:02,17.61,76.57,BuildingB_Floor2,TypeB
1036,2025-04-10 02:04:17,27.64,58.39,BuildingA_Floor1,TypeB
1036,2025-04-07 15:00:05,33.79,55.0,BuildingB_Floor2,TypeA
1003,2025-04-06 21:09:08,16.9,42.45,BuildingB_Floor2,TypeB
1019,2025-04-07 23:25:25,15.34,73.59,BuildingB_Floor2,TypeB
1084,2025-04-09 05:45:14,17.91,52.05,BuildingA_Floor2,TypeB
1085,2025-04-10 00:36:21,19.34,30.02,BuildingB_Floor2,TypeA
1086,2025-04-10 14:31:00,33.81,53.64,BuildingB_Floor2,TypeB
1018,2025-04-09 11:02:28,22.95,38.32,BuildingB_Floor1,TypeC
1006,2025-04-09 10:37:13,27.14,37.79,BuildingA_Floor2,TypeA
1056,2025-04-06 17:32:18,30.46,50.17,BuildingA_Floor1,TypeB
1004,2025-04-09 18:52:10,30.25,76.26,BuildingB_Floor1,TypeC
1088,2025-04-09 13:29:18,26.71,54.91,BuildingA_Floor2,TypeA
1086,2025-04-07 14:07:23,17.57,57.1,BuildingB_Floor2,TypeA
1089,2025-04-07 04:59:42,21.96,51.67,BuildingA_Floor2,TypeC
1022,2025-04-06 16:56:48,22.22,52.59,BuildingA_Floor2,TypeA
1021,2025-04-06 18:14:41,17.46,53.5,BuildingA_Floor1,TypeC
1086,2025-04-08 03:33:59,30.17,53.87,BuildingB_Floor1,TypeB
1053,2025-04-06 03:47:03,25.86,45.91,BuildingB_Floor1,TypeC
1035,2025-04-07 09:37:07,19.93,44.05,BuildingB_Floor2,TypeB
1058,2025-04-08 13:43:00,32.61,35.71,BuildingB_Floor2,TypeB
1095,2025-04-08 06:08:31,31.65,63.5,BuildingB_Floor2,TypeC
1048,2025-04-08 09:36:11,17.25,76.5,BuildingB_Floor1,TypeC
1041,2025-04-10 18:10:39,22.99,53.48,BuildingA_Floor1,TypeB
1095,2025-04-06 22:41:24,18.11,64.77,BuildingA_Floor1,TypeA
1083,2025-04-10 15:26:51,20.55,48.16,BuildingA_Floor1,TypeA
1092,2025-04-07 13:53:51,22.64,36.56,BuildingB_Floor2,TypeA
1036,2025-04-09 05:05:39,19.9,72.06,BuildingB_Floor1,TypeA
1020,2025-04-10 14:57:18,20.78,33.1,BuildingB_Floor2,TypeC
1035,2025-04-09 16:41:33,18.13,53.18,BuildingB_Floor2,TypeA
1030,2025-04-09 13:10:46,18.1,63.85,BuildingB_Floor2,TypeB
1027,2025-04-10 13:03:58,30.24,77.2,BuildingB_Floor1,TypeB
1038,2025-04-09 08:37:24,27.9,38.79,BuildingB_Floor2,TypeA
1093,2025-04-09 09:18:56,15.12,63.51,BuildingB_Floor1,TypeB
1064,2025-04-08 03:44:07,22.6,78.31,BuildingB_Floor2,TypeB
1072,2025-04-06 10:22:36,32.48,61.74,BuildingB_Floor2,TypeC
1094,2025-04-09 14:50:04,30.2,73.02,BuildingB_Floor2,TypeA
1045,2025-04-08 17:51:02,16.66,43.97,BuildingA_Floor1,TypeC
1072,2025-04-06 13:50:11,19.2,48.19,BuildingB_Floor2,TypeA
1053,2025-04-09 12:06:06,28.74,39.91,BuildingA_Floor2,TypeB
1054,2025-04-07 19:44:55,24.96,62.91,BuildingB_Floor1,TypeA
1017,2025-04-07 03:07:46,18.87,73.49,BuildingB_Floor1,TypeA
1003,2025-04-06 00:44:53,19.17,65.38,BuildingB_Floor2,TypeA
1086,2025-04-10 02:20:45,30.08,63.84,BuildingB_Floor1,TypeB
1054,2025-04-06 08:31:08,22.86,77.7,BuildingA_Floor2,TypeB
1080,2025-04-08 10:27:22,15.83,73.99,BuildingB_Floor2,TypeC
1075,2025-04-09 15:28:08,30.21,58.01,BuildingA_Floor2,TypeA
1075,2025-04-07 13:20:24,32.15,76.56,BuildingB_Floor2,TypeA
1009,2025-04-09 17:06:31,15.06,64.41,BuildingB_Floor1,TypeA
1073,2025-04-07 00:00:20,22.85,50.62,BuildingA_Floor1,TypeC
1033,2025-04-10 09:27:54,23.0,46.25,BuildingB_Floor2,TypeB
1051,2025-04-09 22:12:56,19.35,49.17,BuildingB_Floor1,TypeC
1000,2025-04-08 09:20:20,28.12,31.32,BuildingB_Floor2,TypeB
1095,2025-04-06 19:27:49,33.72,46.7,BuildingB_Floor1,TypeC
1065,2025-04-07 15:15:39,25.17,48.23,BuildingA_Floor2,TypeC
1011,2025-04-07 17:38:17,28.87,35.64,BuildingA_Floor1,TypeB
1028,2025-04-08 16:03:01,33.86,56.35,BuildingA_Floor2,TypeB
1025,2025-04-09 14:53:27,15.85,71.97,BuildingB_Floor2,TypeB
1002,2025-04-10 14:14:28,26.9,42.67,BuildingB_Floor1,TypeA
1009,2025-04-10 09:09:55,23.23,40.37,BuildingB_Floor2,TypeB
1007,2025-04-09 09:20:04,20.81,31.15,BuildingA_Floor1,TypeA
1078,2025-04-06 03:50:58,32.18,38.47,BuildingA_Floor1,TypeC
1064,2025-04-06 22:18:44,15.41,39.11,BuildingB_Floor1,TypeA
1042,2025-04-07 16:38:19,27.24,56.42,BuildingB_Floor1,TypeA
1058,2025-04-07 20:42:49,34.56,43.74,BuildingB_Floor1,TypeB
1075,2025-04-08 00:20:58,27.99,76.5,BuildingB_Floor2,TypeC
1043,2025-04-08 16:26:59,30.33,59.38,BuildingA_Floor2,TypeB
1010,2025-04-07 08:11:23,33.83,65.61,BuildingA_Floor2,TypeC
1032,2025-04-06 15:03:58,19.95,63.95,BuildingB_Floor1,TypeA
1033,2025-04-06 07:59:59,32.75,42.64,BuildingA_Floor2,TypeA
1022,2025-04-06 16:33:04,26.92,32.57,BuildingA_Floor1,TypeA
1091,2025-04-08 01:13:44,19.25,42.77,BuildingB_Floor1,TypeC
1056,2025-04-09 05:16:36,21.98,77.94,BuildingB_Floor2,TypeB
1089,2025-04-08 19:44:07,20.07,41.97,BuildingB_Floor1,TypeC
1023,2025-04-06 00:48:08,28.16,49.42,BuildingB_Floor1,TypeB
1042,2025-04-08 00:09:15,15.62,52.9,BuildingA_Floor2,TypeA
1029,2025-04-08 14:31:57,19.4,63.08,BuildingB_Floor1,TypeA
1067,2025-04-06 13:07:49,23.15,63.22,BuildingB_Floor1,TypeB
1061,2025-04-10 02:48:49,20.54,33.15,BuildingB_Floor2,TypeB
1030,2025-04-08 04:01:35,34.14,49.32,BuildingA_Floor1,TypeB
1061,2025-04-06 00:25:22,25.7,43.06,BuildingB_Floor1,TypeA
1098,2025-04-08 04:45:51,32.76,42.33,BuildingB_Floor2,TypeB
1050,2025-04-09 22:00:40,24.31,38.61,BuildingB_Floor1,TypeB
1001,2025-04-10 15:25:23,34.44,41.23,BuildingA_Floor2,TypeC
1005,2025-04-10 09:21:13,26.08,53.32,BuildingA_Floor2,TypeC
1088,2025-04-06 12:39:31,24.97,61.66,BuildingA_Floor2,TypeC
1028,2025-04-09 19:52:27,22.49,56.34,BuildingA_Floor2,TypeA
1088,2025-04-05 23:34:36,33.16,77.75,BuildingB_Floor1,TypeA
1070,2025-04-09 23:45:55,32.28,43.77,BuildingB_Floor2,TypeC
1056,2025-04-05 23:30:34,16.67,30.3,BuildingB_Floor2,TypeB
1000,2025-04-10 08:21:00,15.76,36.18,BuildingB_Floor2,TypeC
1006,2025-04-08 10:50:54,26.84,61.62,BuildingA_Floor1,TypeA
1022,2025-04-07 00:23:29,28.61,34.86,BuildingB_Floor1,TypeC
1100,2025-04-08 11:57:26,22.05,41.73,BuildingB_Floor1,TypeB
1001,2025-04-05 18:54:50,17.3,57.45,BuildingB_Floor2,TypeA
1037,2025-04-06 06:56:53,22.27,49.48,BuildingB_Floor2,TypeC
1023,2025-04-10 09:04:19,16.42,44.76,BuildingA_Floor1,TypeA
1039,2025-04-07 00:02:19,30.62,43.02,BuildingA_Floor1,TypeC
1041,2025-04-10 05:16:35,21.28,73.69,BuildingA_Floor1,TypeB
1045,2025-04-09 16:12:34,31.13,69.9,BuildingB_Floor1,TypeB
1063,2025-04-06 02:04:40,17.31,41.35,BuildingB_Floor1,TypeB
1024,2025-04-06 09:04:47,18.4,55.9,BuildingA_Floor2,TypeC
1013,2025-04-08 06:46:29,24.78,31.77,BuildingB_Floor2,TypeA
1021,2025-04-07 00:15:28,21.0,39.64,BuildingA_Floor1,TypeC
1029,2025-04-10 06:58:14,34.89,43.64,BuildingB_Floor2,TypeA
1002,2025-04-06 05:33:33,22.15,51.19,BuildingA_Floor1,TypeB
1099,2025-04-05 20:29:06,16.96,30.23,BuildingA_Floor1,TypeA
1087,2025-04-10 07:55:05,15.65,78.44,BuildingB_Floor2,TypeC
1015,2025-04-06 07:12:36,29.15,41.73,BuildingA_Floor2,TypeA
1045,2025-04-09 07:02:54,19.93,48.86,BuildingB_Floor1,TypeB
1099,2025-04-07 06:04:00,24.74,45.53,BuildingB_Floor1,TypeA
1017,2025-04-08 01:26:19,25.78,60.32,BuildingB_Floor1,TypeC
1087,2025-04-10 07:19:54,26.47,71.39,BuildingB_Floor1,TypeB
1054,2025-04-09 07:58:54,19.07,52.84,BuildingB_Floor2,TypeB
1094,2025-04-09 11:56:08,15.78,64.84,BuildingA_Floor2,TypeA
1054,2025-04-05 19:06:51,25.21,43.18,BuildingA_Floor1,TypeB
1025,2025-04-08 18:19:41,19.37,50.01,BuildingB_Floor2,TypeA
1094,2025-04-09 09:04:18,32.63,46.98,BuildingB_Floor1,TypeC
1099,2025-04-10 00:43:39,29.02,51.97,BuildingA_Floor1,TypeB
1073,2025-04-06 19:18:30,31.55,39.09,BuildingA_Floor2,TypeA
1053,2025-04-08 00:46:47,18.84,78.67,BuildingB_Floor1,TypeA
1017,2025-04-10 04:14:38,17.34,46.87,BuildingA_Floor1,TypeB
1082,2025-04-10 05:18:18,19.83,56.84,BuildingB_Floor1,TypeB
1025,2025-04-08 23:50:34,17.25,77.95,BuildingB_Floor1,TypeA
1080,2025-04-06 14:26:43,21.16,42.69,BuildingA_Floor1,TypeB
1009,2025-04-09 18:45:07,18.01,59.54,BuildingA_Floor2,TypeA
1040,2025-04-05 18:43:16,22.08,71.85,BuildingB_Floor1,TypeC
1029,2025-04-10 01:49:06,33.4,73.98,BuildingB_Floor2,TypeA
1092,2025-04-06 22:48:47,16.15,42.51,BuildingB_Floor1,TypeC
1036,2025-04-05 22:52:36,24.17,52.35,BuildingA_Floor1,TypeB
1047,2025-04-08 05:48:34,19.08,58.65,BuildingB_Floor2,TypeC
1014,2025-04-09 01:54:50,29.8,44.47,BuildingA_Floor2,TypeA
1085,2025-04-09 10:31:10,25.55,64.87,BuildingA_Floor1,TypeC
1002,2025-04-08 15:46:14,24.76,52.17,BuildingA_Floor2,TypeB
1079,2025-04-06 00:02:50,32.86,43.04,BuildingA_Floor1,TypeA
1007,2025-04-07 20:15:00,21.76,41.05,BuildingA_Floor1,TypeB
1029,2025-04-06 13:09:23,21.26,33.26,BuildingA_Floor2,TypeB
1038,2025-04-07 20:33:27,30.46,44.07,BuildingA_Floor2,TypeC
1049,2025-04-05 19:09:05,30.01,76.09,BuildingB_Floor1,TypeC
1052,2025-04-09 17:25:01,33.66,38.94,BuildingB_Floor2,TypeA
1042,2025-04-09 16:31:33,18.92,64.76,BuildingB_Floor2,TypeA
1022,2025-04-06 21:41:00,28.05,38.68,BuildingA_Floor1,TypeC
1096,2025-04-08 10:00:12,22.46,58.07,BuildingA_Floor2,TypeB
1047,2025-04-07 00:18:14,22.21,46.41,BuildingA_Floor2,TypeC
1079,2025-04-07 09:19:23,31.55,43.56,BuildingB_Floor1,TypeA
1087,2025-04-05 22:13:51,26.16,65.0,BuildingA_Floor1,TypeC
1099,2025-04-09 19:43:45,15.94,67.47,BuildingA_Floor2,TypeB
1049,2025-04-07 14:18:19,15.36,64.14,BuildingB_Floor2,TypeA
1041,2025-04-06 01:21:41,15.32,77.99,BuildingB_Floor2,TypeC
1076,2025-04-09 07:25:12,34.57,70.43,BuildingA_Floor2,TypeA
1024,2025-04-06 12:34:54,17.52,69.32,BuildingA_Floor1,TypeC
1005,2025-04-06 08:43:29,19.92,41.7,BuildingB_Floor1,TypeA
1071,2025-04-08 08:47:34,32.52,69.99,BuildingB_Floor1,TypeA
1059,2025-04-10 10:02:41,30.18,74.86,BuildingB_Floor1,TypeB
1084,2025-04-09 19:13:46,17.11,53.19,BuildingA_Floor2,TypeA
1076,2025-04-10 16:35:43,15.34,37.13,BuildingA_Floor2,TypeC
1085,2025-04-10 12:25:44,33.33,43.1,BuildingB_Floor2,TypeB
1057,2025-04-10 10:29:41,18.41,30.09,BuildingA_Floor1,TypeB
1065,2025-04-10 02:35:51,32.83,55.69,BuildingB_Floor1,TypeB
1079,2025-04-07 09:28:13,32.56,38.3,BuildingA_Floor2,TypeC
1040,2025-04-09 08:19:02,20.35,57.56,BuildingB_Floor2,TypeA
1093,2025-04-07 15:14:16,34.37,30.28,BuildingB_Floor2,TypeA
1046,2025-04-10 04:36:30,33.94,64.57,BuildingA_Floor2,TypeC
1075,2025-04-10 06:34:10,25.98,71.4,BuildingA_Floor2,TypeC
1063,2025-04-07 03:17:47,23.35,50.85,BuildingB_Floor1,TypeA
1006,2025-04-10 15:26:11,19.61,65.89,BuildingA_Floor2,TypeA
1011,2025-04-09 10:03:39,19.88,43.42,BuildingB_Floor2,TypeC
1011,2025-04-06 06:00:37,26.96,31.9,BuildingB_Floor2,TypeB
1048,2025-04-10 10:16:53,16.26,74.72,BuildingB_Floor2,TypeA
1048,2025-04-10 18:22:02,34.51,43.84,BuildingA_Floor2,TypeB
1063,2025-04-09 01:33:43,20.82,56.76,BuildingB_Floor1,TypeC
1051,2025-04-09 02:03:05,24.28,73.41,BuildingB_Floor1,TypeB
1087,2025-04-09 21:47:16,19.63,39.94,BuildingA_Floor1,TypeB
1078,2025-04-09 01:18:28,21.93,76.18,BuildingA_Floor2,TypeC
1030,2025-04-10 08:23:17,27.12,73.29,BuildingA_Floor2,TypeA
1055,2025-04-06 06:50:51,20.74,42.9,BuildingB_Floor1,TypeA
1036,2025-04-06 13:41:20,34.35,57.65,BuildingA_Floor1,TypeA
1015,2025-04-09 22:48:52,31.57,41.77,BuildingA_Floor2,TypeC
1098,2025-04-07 14:37:17,34.22,78.69,BuildingA_Floor1,TypeB
1048,2025-04-09 11:24:38,31.5,33.21,BuildingA_Floor1,TypeA
1087,2025-04-05 21:09:58,26.69,45.61,BuildingB_Floor1,TypeC
1011,2025-04-05 23:39:40,25.38,70.83,BuildingA_Floor2,TypeB
1021,2025-04-07 22:50:42,24.95,73.5,BuildingB_Floor1,TypeC
1002,2025-04-10 09:09:42,23.1,56.38,BuildingA_Floor1,TypeB
1081,2025-04-05 19:34:59,26.54,59.14,BuildingB_Floor2,TypeA
1012,2025-04-06 05:00:25,33.2,70.48,BuildingA_Floor1,TypeC
1023,2025-04-10 03:07:33,19.69,35.67,BuildingB_Floor2,TypeB
1045,2025-04-07 18:46:46,29.02,69.06,BuildingA_Floor1,TypeA
1084,2025-04-09 23:58:05,24.2,32.81,BuildingB_Floor2,TypeC
1099,2025-04-06 11:52:58,23.92,70.46,BuildingB_Floor2,TypeA
1085,2025-04-09 17:54:33,20.56,75.02,BuildingA_Floor2,TypeB
1030,2025-04-09 04:34:46,34.14,69.05,BuildingB_Floor1,TypeC
1080,2025-04-08 13:59:00,25.7,48.93,BuildingA_Floor2,TypeA
1055,2025-04-08 05:58:49,31.68,45.53,BuildingA_Floor1,TypeB
1090,2025-04-07 05:39:29,15.89,42.1,BuildingB_Floor2,TypeC
1019,2025-04-09 21:50:04,22.45,76.22,BuildingA_Floor2,TypeB
1024,2025-04-06 00:57:43,17.9,58.61,BuildingB_Floor2,TypeB
1004,2025-04-09 12:55:27,16.24,78.06,BuildingA_Floor2,TypeC
1097,2025-04-10 14:56:19,34.8,74.02,BuildingA_Floor2,TypeB
1075,2025-04-08 15:30:56,33.91,61.07,BuildingB_Floor2,TypeB
1080,2025-04-08 18:49:36,20.35,66.85,BuildingA_Floor1,TypeB
1078,2025-04-06 10:04:43,33.85,53.31,BuildingA_Floor1,TypeC
1049,2025-04-09 18:55:02,32.38,50.85,BuildingA_Floor2,TypeB
1034,2025-04-06 07:57:11,21.63,50.44,BuildingB_Floor2,TypeC
1100,2025-04-06 23:15:50,34.8,51.08,BuildingA_Floor1,TypeC
1048,2025-04-09 09:53:09,23.99,76.1,BuildingA_Floor2,TypeB
1010,2025-04-08 02:03:09,30.01,44.33,BuildingA_Floor1,TypeB
1019,2025-04-09 03:26:12,33.88,40.4,BuildingB_Floor1,TypeB
1041,2025-04-07 06:53:19,23.83,40.23,BuildingB_Floor2,TypeA
1008,2025-04-09 22:40:56,25.8,42.52,BuildingA_Floor2,TypeB
1062,2025-04-08 15:34:12,26.49,51.07,BuildingA_Floor1,TypeC
1059,2025-04-09 07:33:52,30.04,56.45,BuildingA_Floor2,TypeB
1038,2025-04-06 13:39:19,27.1,34.85,BuildingA_Floor1,TypeB
1042,2025-04-06 04:08:25,32.47,50.68,BuildingA_Floor1,TypeB
1048,2025-04-06 14:56:15,29.02,62.3,BuildingA_Floor2,TypeB
1097,2025-04-08 06:53:03,33.26,70.49,BuildingA_Floor1,TypeB
1007,2025-04-07 20:19:55,23.44,56.87,BuildingA_Floor1,TypeA
1096,2025-04-06 08:11:39,29.71,38.3,BuildingA_Floor1,TypeB
1024,2025-04-06 19:45:23,29.27,36.19,BuildingA_Floor1,TypeB
1003,2025-04-09 19:58:50,29.94,79.65,BuildingB_Floor1,TypeA
1094,2025-04-07 10:34:29,32.38,34.51,BuildingA_Floor2,TypeB
1028,2025-04-08 20:20:34,20.15,37.97,BuildingB_Floor1,TypeB
1010,2025-04-06 00:00:47,32.58,48.58,BuildingB_Floor1,TypeB
1074,2025-04-06 17:52:22,15.72,41.96,BuildingB_Floor2,TypeA
1047,2025-04-07 01:43:54,19.37,78.56,BuildingA_Floor1,TypeB
1024,2025-04-07 00:23:20,21.82,43.12,BuildingB_Floor1,TypeC
1075,2025-04-07 03:19:48,27.94,48.65,BuildingA_Floor2,TypeB
1090,2025-04-09 08:02:37,22.53,66.97,BuildingA_Floor1,TypeA
1000,2025-04-09 14:28:27,23.75,45.92,BuildingA_Floor2,TypeC
1094,2025-04-07 07:51:13,25.88,48.17,BuildingA_Floor2,TypeB
1022,2025-04-06 13:15:52,15.2,39.73,BuildingA_Floor1,TypeB
1010,2025-04-09 05:10:01,21.55,75.78,BuildingB_Floor2,TypeA
1098,2025-04-09 10:13:26,23.45,60.32,BuildingA_Floor2,TypeC
1014,2025-04-09 19:51:31,15.93,73.75,BuildingA_Floor1,TypeC
1009,2025-04-08 15:35:11,19.93,71.18,BuildingA_Floor2,TypeA
1010,2025-04-08 07:47:19,19.16,50.5,BuildingA_Floor2,TypeC
1037,2025-04-07 05:28:23,17.29,55.34,BuildingB_Floor2,TypeA
1032,2025-04-08 14:33:39,26.74,40.34,BuildingA_Floor1,TypeA
1038,2025-04-05 23:21:18,18.35,52.5,BuildingB_Floor1,TypeB
1047,2025-04-07 18:05:10,20.46,72.05,BuildingB_Floor1,TypeB
1018,2025-04-09 16:25:25,16.67,69.36,BuildingA_Floor1,TypeC
1090,2025-04-09 05:14:36,17.12,60.5,BuildingA_Floor2,TypeA
1026,2025-04-06 01:39:47,28.18,58.1,BuildingA_Floor2,TypeC
1000,2025-04-05 18:41:13,20.63,41.04,BuildingB_Floor2,TypeA
1021,2025-04-06 01:22:14,18.55,42.14,BuildingA_Floor2,TypeC
1085,2025-04-09 12:38:51,17.96,33.48,BuildingB_Floor2,TypeC
1027,2025-04-06 23:14:38,30.54,67.51,BuildingB_Floor1,TypeA
1037,2025-04-09 19:11:41,20.45,35.7,BuildingB_Floor1,TypeA
1043,2025-04-07 02:46:31,29.05,78.71,BuildingB_Floor2,TypeA
1086,2025-04-07 07:47:20,32.29,58.0,BuildingB_Floor1,TypeC
1041,2025-04-07 09:22:36,27.95,44.9,BuildingA_Floor1,TypeC
1069,2025-04-06 13:13:05,21.13,78.06,BuildingB_Floor1,TypeC
1082,2025-04-09 05:50:04,28.9,52.57,BuildingA_Floor1,TypeB
1072,2025-04-09 06:16:14,31.16,37.92,BuildingA_Floor1,TypeB
1063,2025-04-08 18:01:54,19.33,56.66,BuildingB_Floor1,TypeC
1025,2025-04-06 16:19:37,32.58,44.0,BuildingB_Floor1,TypeB
1063,2025-04-09 05:05:41,23.4,68.49,BuildingA_Floor2,TypeC
1076,2025-04-08 17:02:57,26.54,69.29,BuildingA_Floor2,TypeA
1086,2025-04-05 21:02:58,25.46,49.58,BuildingB_Floor2,TypeC
1025,2025-04-06 13:22:14,34.35,57.95,BuildingA_Floor2,TypeA
1012,2025-04-06 06:17:23,34.82,49.13,BuildingB_Floor2,TypeA
1015,2025-04-10 12:34:02,24.71,69.45,BuildingA_Floor1,TypeA
1043,2025-04-06 04:23:55,24.81,74.94,BuildingB_Floor2,TypeA
1099,2025-04-07 06:07:22,22.16,42.55,BuildingA_Floor2,TypeC
1031,2025-04-06 06:16:50,32.53,50.07,BuildingB_Floor2,TypeB
1000,2025-04-10 14:54:51,28.47,76.01,BuildingA_Floor1,TypeA
1025,2025-04-08 13:39:54,24.94,30.19,BuildingA_Floor1,TypeB
1096,2025-04-06 13:53:37,34.73,31.88,BuildingB_Floor1,TypeB
1032,2025-04-10 01:11:13,32.72,54.98,BuildingB_Floor1,TypeB
1045,2025-04-09 09:51:46,19.14,47.79,BuildingA_Floor1,TypeC
1005,2025-04-08 22:33:15,28.01,44.1,BuildingA_Floor1,TypeA
1086,2025-04-09 11:50:14,30.53,54.71,BuildingB_Floor2,TypeB
1079,2025-04-07 14:13:50,31.36,63.08,BuildingB_Floor2,TypeA
1087,2025-04-09 06:58:13,15.75,49.0,BuildingA_Floor2,TypeC
1067,2025-04-08 09:23:52,34.68,45.43,BuildingB_Floor2,TypeA
1031,2025-04-05 18:29:30,33.41,65.07,BuildingB_Floor1,TypeA
1027,2025-04-07 03:30:22,26.52,70.29,BuildingB_Floor2,TypeC
1013,2025-04-09 21:46:08,20.7,36.55,BuildingB_Floor2,TypeB
1018,2025-04-06 05:31:28,28.09,68.86,BuildingB_Floor2,TypeB
1013,2025-04-08 16:43:57,34.42,49.6,BuildingB_Floor1,TypeB
1026,2025-04-08 10:38:33,19.6,74.11,BuildingA_Floor2,TypeB
1027,2025-04-07 21:42:01,30.79,45.3,BuildingA_Floor2,TypeA
1068,2025-04-08 17:03:02,32.09,52.5,BuildingA_Floor2,TypeA
1061,2025-04-09 16:18:22,31.97,64.54,BuildingA_Floor1,TypeA
1088,2025-04-09 03:05:40,30.75,56.24,BuildingA_Floor1,TypeA
1055,2025-04-07 13:05:33,31.03,57.79,BuildingB_Floor1,TypeC
1059,2025-04-09 02:24:49,18.33,44.02,BuildingB_Floor2,TypeA
1098,2025-04-09 14:07:13,19.13,47.9,BuildingB_Floor1,TypeA
1018,2025-04-07 06:05:03,31.43,75.81,BuildingA_Floor1,TypeB
1027,2025-04-08 11:11:17,26.46,47.12,BuildingA_Floor2,TypeC
1057,2025-04-08 08:51:49,27.88,33.1,BuildingB_Floor1,TypeC
1099,2025-04-06 00:15:44,18.51,69.02,BuildingA_Floor2,TypeC
1041,2025-04-06 23:36:26,24.67,70.5,BuildingB_Floor1,TypeC
1099,2025-04-10 13:24:58,34.09,60.71,BuildingA_Floor1,TypeB
1022,2025-04-09 00:05:26,24.24,32.45,BuildingA_Floor2,TypeB
1096,2025-04-07 10:23:26,22.5,70.96,BuildingB_Floor2,TypeA
1029,2025-04-10 11:32:24,33.13,60.08,BuildingB_Floor1,TypeC
1055,2025-04-07 17:19:17,29.54,72.3,BuildingA_Floor2,TypeC
1003,2025-04-06 01:21:21,31.39,77.6,BuildingB_Floor2,TypeA
1031,2025-04-10 01:33:58,26.52,46.99,BuildingB_Floor1,TypeB
1036,2025-04-10 01:48:53,24.21,72.44,BuildingA_Floor1,TypeB
1034,2025-04-05 20:04:33,20.18,68.53,BuildingB_Floor2,TypeA
1004,2025-04-05 18:36:14,27.22,74.03,BuildingA_Floor2,TypeC
1019,2025-04-08 03:18:14,17.31,44.25,BuildingA_Floor2,TypeA
1059,2025-04-09 19:14:04,17.1,31.14,BuildingB_Floor1,TypeC
1045,2025-04-06 20:08:22,21.82,47.08,BuildingB_Floor1,TypeB
1054,2025-04-09 15:45:31,24.68,30.73,BuildingB_Floor2,TypeB
1098,2025-04-07 14:30:46,16.18,62.6,BuildingA_Floor1,TypeB
1014,2025-04-09 02:22:24,31.14,39.74,BuildingB_Floor2,TypeA
1094,2025-04-08 07:40:37,28.62,62.62,BuildingB_Floor1,TypeB
1053,2025-04-06 20:00:00,33.62,42.62,BuildingA_Floor1,TypeA
1068,2025-04-07 00:50:56,19.67,63.55,BuildingB_Floor2,TypeC
1072,2025-04-06 12:36:28,16.2,60.96,BuildingA_Floor1,TypeB
1019,2025-04-07 23:51:43,27.53,61.91,BuildingB_Floor2,TypeB
1009,2025-04-06 21:19:26,19.62,65.93,BuildingB_Floor1,TypeA
1023,2025-04-10 03:32:10,23.52,69.78,BuildingA_Floor1,TypeB
1099,2025-04-09 02:53:30,29.61,70.43,BuildingA_Floor2,TypeC
1061,2025-04-06 07:25:36,23.82,35.64,BuildingB_Floor1,TypeC
1073,2025-04-07 09:29:03,16.1,56.72,BuildingA_Floor2,TypeC
1086,2025-04-08 16:56:00,15.61,40.29,BuildingB_Floor2,TypeC
1081,2025-04-08 19:38:56,26.88,66.57,BuildingB_Floor2,TypeC
1021,2025-04-09 21:54:53,22.74,51.02,BuildingA_Floor2,TypeB
1061,2025-04-08 18:45:23,17.96,44.86,BuildingB_Floor1,TypeA
1010,2025-04-10 08:04:56,16.1,48.12,BuildingB_Floor2,TypeC
1092,2025-04-08 14:36:59,25.16,58.6,BuildingA_Floor2,TypeA
1064,2025-04-08 10:58:43,27.92,64.18,BuildingB_Floor1,TypeB
1017,2025-04-10 10:52:28,17.75,55.4,BuildingA_Floor1,TypeA
1041,2025-04-08 21:58:01,18.93,50.54,BuildingA_Floor1,TypeA
1040,2025-04-09 16:19:26,17.76,61.38,BuildingA_Floor2,TypeC
1051,2025-04-08 00:05:24,23.27,32.98,BuildingB_Floor2,TypeC
1086,2025-04-08 21:25:48,33.42,57.46,BuildingA_Floor1,TypeB
1005,2025-04-06 22:31:57,22.77,61.99,BuildingB_Floor1,TypeB
1074,2025-04-08 09:52:38,23.8,78.54,BuildingB_Floor2,TypeB
1061,2025-04-06 07:40:44,18.42,70.0,BuildingB_Floor2,TypeC
1092,2025-04-07 08:57:59,16.52,57.02,BuildingB_Floor2,TypeB
1067,2025-04-10 10:20:03,26.22,55.27,BuildingB_Floor2,TypeB
1018,2025-04-06 22:51:43,30.53,79.66,BuildingB_Floor2,TypeB
1017,2025-04-08 17:03:22,17.44,48.89,BuildingB_Floor1,TypeB
1020,2025-04-06 23:49:53,26.55,40.95,BuildingA_Floor1,TypeC
1035,2025-04-09 14:08:37,29.58,60.87,BuildingA_Floor1,TypeB
1080,2025-04-06 17:50:56,20.78,71.9,BuildingB_Floor1,TypeC
1044,2025-04-09 07:28:01,18.38,33.51,BuildingB_Floor1,TypeA
1013,2025-04-06 17:28:17,33.72,64.6,BuildingA_Floor2,TypeA
1091,2025-04-07 15:32:42,15.93,53.47,BuildingA_Floor2,TypeA
1087,2025-04-10 16:09:02,24.28,74.4,BuildingB_Floor2,TypeA
1019,2025-04-07 05:11:05,29.05,54.19,BuildingB_Floor2,TypeC
1043,2025-04-08 14:04:34,32.53,78.99,BuildingA_Floor1,TypeC
1017,2025-04-08 06:46:55,22.0,55.1,BuildingB_Floor2,TypeA
1085,2025-04-09 10:15:00,26.62,44.38,BuildingB_Floor2,TypeB
1099,2025-04-07 13:26:20,32.31,79.83,BuildingA_Floor2,TypeA
1058,2025-04-09 23:25:20,30.68,34.43,BuildingB_Floor2,TypeA
1039,2025-04-06 04:50:06,32.23,70.42,BuildingB_Floor1,TypeA
1023,2025-04-10 05:25:58,31.42,46.48,BuildingA_Floor1,TypeA
1042,2025-04-08 08:06:04,15.96,34.31,BuildingA_Floor1,TypeC
1005,2025-04-07 20:57:07,29.17,45.53,BuildingA_Floor2,TypeC
1009,2025-04-08 08:05:03,21.67,77.13,BuildingA_Floor1,TypeC
1047,2025-04-05 23:01:02,18.45,49.65,BuildingA_Floor1,TypeB
1011,2025-04-09 17:07:15,26.97,31.1,BuildingA_Floor1,TypeA
1005,2025-04-10 08:52:11,32.36,79.61,BuildingB_Floor2,TypeA
1086,2025-04-10 13:18:55,34.93,43.3,BuildingA_Floor2,TypeB
1086,2025-04-09 20:55:48,17.21,31.25,BuildingA_Floor2,TypeB
1031,2025-04-10 17:21:09,15.21,54.76,BuildingA_Floor2,TypeA
1069,2025-04-07 03:20:04,27.09,45.53,BuildingB_Floor1,TypeC
1077,2025-04-07 13:35:01,21.78,65.4,BuildingB_Floor2,TypeB
1039,2025-04-06 13:19:10,28.65,66.74,BuildingB_Floor2,TypeC
1038,2025-04-07 19:18:34,34.0,69.44,BuildingA_Floor2,TypeB
1087,2025-04-08 07:46:37,15.94,36.94,BuildingA_Floor2,TypeC
1014,2025-04-06 06:56:58,19.22,74.04,BuildingB_Floor1,TypeC
1086,2025-04-07 10:31:36,18.17,50.79,BuildingA_Floor2,TypeB
1089,2025-04-08 16:56:00,27.63,76.03,BuildingB_Floor1,TypeB
1015,2025-04-08 10:37:01,24.6,50.65,BuildingA_Floor2,TypeA
1095,2025-04-06 20:22:23,21.66,70.86,BuildingB_Floor1,TypeA
1003,2025-04-10 15:15:33,33.72,71.21,BuildingB_Floor1,TypeA
1076,2025-04-09 22:41:33,32.4,45.66,BuildingB_Floor1,TypeB
1050,2025-04-09 13:30:52,30.33,38.22,BuildingA_Floor2,TypeC
1021,2025-04-09 16:47:47,30.36,50.75,BuildingB_Floor2,TypeC
1082,2025-04-07 22:55:18,29.9,39.02,BuildingA_Floor2,TypeB
1067,2025-04-07 18:21:34,31.44,44.64,BuildingB_Floor1,TypeC
1024,2025-04-09 14:57:15,33.92,38.34,BuildingB_Floor1,TypeC
1020,2025-04-09 06:36:39,32.61,57.12,BuildingA_Floor2,TypeB
1049,2025-04-09 16:43:28,21.16,59.6,BuildingB_Floor1,TypeB
1044,2025-04-06 20:26:40,20.54,45.7,BuildingB_Floor1,TypeC
1054,2025-04-09 09:08:04,20.04,49.3,BuildingA_Floor1,TypeA
1057,2025-04-06 15:02:11,34.79,71.7,BuildingA_Floor1,TypeC
1069,2025-04-09 09:28:09,23.21,68.62,BuildingA_Floor1,TypeC
1073,2025-04-06 09:50:41,33.6,48.01,BuildingB_Floor1,TypeC
1070,2025-04-09 13:06:56,16.17,33.35,BuildingA_Floor1,TypeA
1053,2025-04-07 19:53:40,31.94,34.78,BuildingB_Floor2,TypeC
1064,2025-04-06 23:29:35,22.3,62.78,BuildingB_Floor1,TypeB
1071,2025-04-10 10:25:11,31.58,31.6,BuildingA_Floor2,TypeC
1040,2025-04-08 12:29:33,24.9,33.06,BuildingA_Floor2,TypeB
1042,2025-04-07 11:22:53,32.12,78.41,BuildingA_Floor2,TypeA
1081,2025-04-09 21:02:34,27.78,70.42,BuildingA_Floor2,TypeA
1080,2025-04-07 02:51:18,16.74,31.45,BuildingB_Floor2,TypeC
1028,2025-04-06 04:39:18,32.92,39.72,BuildingB_Floor1,TypeA
1052,2025-04-06 06:48:32,19.8,41.6,BuildingA_Floor2,TypeC
1064,2025-04-08 22:24:04,29.5,57.51,BuildingB_Floor1,TypeC
1079,2025-04-08 19:02:53,20.9,32.25,BuildingA_Floor2,TypeA
1088,2025-04-08 01:07:51,33.97,68.29,BuildingA_Floor2,TypeC
1079,2025-04-10 02:44:30,27.49,56.92,BuildingA_Floor1,TypeA
1055,2025-04-05 20:41:19,28.63,44.23,BuildingB_Floor1,TypeC
1082,2025-04-08 10:32:12,29.44,36.4,BuildingB_Floor2,TypeB
1073,2025-04-08 12:20:05,26.86,72.57,BuildingA_Floor2,TypeB
1072,2025-04-08 17:31:29,26.85,34.11,BuildingA_Floor2,TypeA
1017,2025-04-09 21:36:27,31.65,31.71,BuildingB_Floor2,TypeA
1011,2025-04-08 07:00:37,21.79,65.49,BuildingA_Floor1,TypeB
1085,2025-04-10 17:49:56,18.79,48.12,BuildingB_Floor1,TypeB
1099,2025-04-09 17:54:09,17.92,66.51,BuildingB_Floor1,TypeC
1093,2025-04-09 16:27:09,23.78,43.45,BuildingB_Floor2,TypeB
1056,2025-04-08 16:44:05,31.59,74.29,BuildingA_Floor1,TypeA
1053,2025-04-09 19:08:22,19.03,65.78,BuildingA_Floor1,TypeA
1093,2025-04-07 10:11:16,23.92,67.78,BuildingB_Floor1,TypeA
1008,2025-04-09 15:08:45,22.68,64.22,BuildingA_Floor1,TypeA
1036,2025-04-08 03:09:28,19.56,34.3,BuildingB_Floor2,TypeC
1062,2025-04-09 19:26:18,16.72,64.25,BuildingA_Floor2,TypeA
1091,2025-04-09 08:15:02,17.99,33.08,BuildingB_Floor2,TypeA
1059,2025-04-07 11:45:58,25.89,74.52,BuildingB_Floor1,TypeA
1004,2025-04-07 03:03:34,27.27,41.93,BuildingB_Floor1,TypeB
1030,2025-04-10 15:09:37,29.28,57.18,BuildingB_Floor1,TypeB
1027,2025-04-06 16:27:12,34.6,54.04,BuildingB_Floor2,TypeC
1006,2025-04-09 16:21:14,23.53,77.65,BuildingA_Floor2,TypeC
1087,2025-04-06 14:50:56,28.66,30.7,BuildingB_Floor2,TypeB
1086,2025-04-08 14:22:39,18.01,31.36,BuildingA_Floor1,TypeB
1064,2025-04-09 09:27:21,32.5,30.21,BuildingB_Floor1,TypeA
1084,2025-04-08 10:53:10,25.17,67.88,BuildingB_Floor2,TypeB
1087,2025-04-06 05:47:18,34.17,33.03,BuildingA_Floor2,TypeA
1087,2025-04-09 01:17:40,30.53,65.92,BuildingA_Floor1,TypeB
1033,2025-04-10 06:02:24,15.18,36.12,BuildingB_Floor1,TypeC
1007,2025-04-10 00:59:58,28.46,37.37,BuildingA_Floor2,TypeB
1035,2025-04-10 14:28:07,27.46,43.05,BuildingB_Floor2,TypeC
1017,2025-04-10 04:16:56,31.75,64.47,BuildingB_Floor2,TypeA
1034,2025-04-08 09:42:59,32.75,58.53,BuildingA_Floor2,TypeB
1013,2025-04-09 06:47:57,34.2,71.95,BuildingB_Floor2,TypeA
1025,2025-04-09 04:25:17,20.34,35.67,BuildingA_Floor2,TypeB
1054,2025-04-10 05:43:38,22.52,68.0,BuildingA_Floor1,TypeC
1011,2025-04-09 19:52:17,29.73,31.87,BuildingA_Floor2,TypeA
1040,2025-04-05 18:41:15,23.44,46.15,BuildingA_Floor2,TypeC
1055,2025-04-05 21:34:06,22.95,73.26,BuildingA_Floor2,TypeC
1097,2025-04-09 00:22:17,24.09,72.17,BuildingB_Floor2,TypeC
1074,2025-04-07 06:44:19,27.87,55.07,BuildingB_Floor2,TypeA
1012,2025-04-10 05:17:06,18.05,67.09,BuildingA_Floor1,TypeB
1100,2025-04-09 08:41:52,34.54,58.47,BuildingA_Floor1,TypeB
1045,2025-04-08 17:06:23,27.57,74.9,BuildingB_Floor1,TypeA
1046,2025-04-09 13:13:01,17.44,51.62,BuildingB_Floor1,TypeA
1095,2025-04-08 02:24:35,34.97,33.98,BuildingA_Floor1,TypeA
1079,2025-04-10 11:47:01,20.04,33.4,BuildingB_Floor1,TypeA
1062,2025-04-08 22:05:33,22.28,65.06,BuildingA_Floor1,TypeA
1008,2025-04-05 20:02:14,24.36,32.31,BuildingB_Floor1,TypeC
1082,2025-04-06 13:48:40,23.61,57.72,BuildingB_Floor1,TypeA
1084,2025-04-10 10:57:04,22.82,35.82,BuildingB_Floor1,TypeA
1026,2025-04-06 03:40:28,23.58,75.87,BuildingA_Floor2,TypeC
1077,2025-04-09 08:17:51,23.32,42.0,BuildingB_Floor2,TypeA
1007,2025-04-08 04:18:48,23.51,45.48,BuildingA_Floor1,TypeA
1078,2025-04-07 07:33:51,31.28,42.48,BuildingB_Floor2,TypeB
1014,2025-04-06 17:01:44,21.95,70.28,BuildingA_Floor1,TypeB
1051,2025-04-07 08:13:29,24.11,41.89,BuildingA_Floor1,TypeB
1073,2025-04-09 23:16:09,33.86,50.25,BuildingB_Floor2,TypeC
1020,2025-04-07 02:20:59,33.77,74.67,BuildingB_Floor2,TypeB
1089,2025-04-09 07:42:29,17.12,30.96,BuildingB_Floor2,TypeC
1044,2025-04-08 13:51:43,24.36,64.66,BuildingA_Floor2,TypeA
1066,2025-04-09 18:03:37,26.81,36.68,BuildingB_Floor1,TypeC
1047,2025-04-10 09:23:04,17.02,75.16,BuildingA_Floor2,TypeC
1026,2025-04-08 06:08:51,17.72,56.71,BuildingA_Floor2,TypeB
1017,2025-04-10 04:10:50,33.21,54.4,BuildingA_Floor2,TypeB
1097,2025-04-06 11:31:47,17.27,38.06,BuildingB_Floor1,TypeB
1093,2025-04-07 10:01:16,28.8,64.13,BuildingB_Floor2,TypeA
1000,2025-04-07 21:21:02,30.01,57.73,BuildingB_Floor2,TypeB
1062,2025-04-07 16:12:34,34.18,48.51,BuildingB_Floor2,TypeC
1044,2025-04-05 22:19:48,17.04,74.72,BuildingB_Floor1,TypeC
1024,2025-04-05 18:30:34,29.61,60.05,BuildingB_Floor1,TypeC
1080,2025-04-09 22:27:59,23.27,39.01,BuildingB_Floor1,TypeA
1059,2025-04-08 02:14:30,27.3,46.92,BuildingA_Floor1,TypeB
1033,2025-04-06 20:57:58,30.36,33.65,BuildingB_Floor1,TypeA
1014,2025-04-09 15:26:03,28.15,55.1,BuildingB_Floor1,TypeA
1067,2025-04-08 08:39:24,20.45,32.73,BuildingA_Floor1,TypeA
1032,2025-04-10 11:43:41,23.36,44.75,BuildingA_Floor2,TypeA
1070,2025-04-07 13:16:57,23.51,41.93,BuildingB_Floor2,TypeC
1010,2025-04-09 07:09:10,34.96,50.8,BuildingA_Floor2,TypeA
1093,2025-04-10 00:00:15,28.46,33.34,BuildingA_Floor2,TypeC
1008,2025-04-08 09:47:52,20.61,34.83,BuildingA_Floor1,TypeB
1049,2025-04-10 10:18:10,34.27,69.92,BuildingA_Floor1,TypeB
1098,2025-04-10 17:09:54,29.1,58.44,BuildingA_Floor1,TypeA
1005,2025-04-09 07:36:37,29.23,48.19,BuildingB_Floor2,TypeC
1020,2025-04-10 17:34:28,16.35,68.64,BuildingA_Floor1,TypeB
1035,2025-04-07 19:36:13,32.97,37.58,BuildingB_Floor2,TypeA
1020,2025-04-08 11:29:21,17.87,67.99,BuildingA_Floor2,TypeC
1005,2025-04-10 06:32:59,29.33,68.34,BuildingB_Floor1,TypeB
1050,2025-04-10 10:26:48,25.01,79.69,BuildingB_Floor2,TypeB
1099,2025-04-06 06:28:40,30.23,65.72,BuildingB_Floor2,TypeA
1030,2025-04-08 16:12:25,31.38,59.64,BuildingA_Floor1,TypeA
1046,2025-04-06 07:46:15,20.34,59.57,BuildingB_Floor2,TypeC
1069,2025-04-08 21:36:44,30.24,33.3,BuildingA_Floor2,TypeC
1039,2025-04-05 19:04:40,32.32,72.5,BuildingB_Floor2,TypeC
1071,2025-04-06 08:50:25,26.95,70.9,BuildingB_Floor1,TypeB
1093,2025-04-09 00:12:33,20.42,33.87,BuildingA_Floor2,TypeC
1082,2025-04-06 05:35:01,27.59,65.98,BuildingB_Floor1,TypeC
1019,2025-04-07 21:34:28,15.49,62.46,BuildingA_Floor2,TypeB
1014,2025-04-08 20:23:24,29.56,68.9,BuildingA_Floor1,TypeA
1046,2025-04-08 08:02:17,19.14,68.11,BuildingA_Floor1,TypeB
1078,2025-04-08 05:19:19,28.1,31.8,BuildingA_Floor2,TypeA
1001,2025-04-06 11:09:17,30.35,38.64,BuildingB_Floor2,TypeA
1096,2025-04-08 21:43:35,23.68,78.4,BuildingA_Floor2,TypeA
1023,2025-04-06 00:42:43,22.26,75.37,BuildingB_Floor1,TypeB
1096,2025-04-07 13:15:09,34.84,54.95,BuildingA_Floor1,TypeA
1030,2025-04-08 19:58:09,25.41,35.56,BuildingA_Floor1,TypeB
1058,2025-04-07 11:21:59,28.3,67.16,BuildingB_Floor2,TypeC
1002,2025-04-06 01:00:32,30.6,70.75,BuildingB_Floor1,TypeC
1002,2025-04-08 11:37:17,34.1,57.13,BuildingA_Floor2,TypeA
1007,2025-04-08 07:43:34,19.03,41.69,BuildingB_Floor2,TypeA
1059,2025-04-07 18:48:04,22.09,67.96,BuildingA_Floor1,TypeC
1046,2025-04-06 01:31:36,20.31,31.65,BuildingA_Floor1,TypeC
1067,2025-04-10 02:27:17,34.31,36.09,BuildingA_Floor1,TypeA
1033,2025-04-10 14:15:21,19.99,44.19,BuildingB_Floor1,TypeA
1071,2025-04-09 13:20:27,17.64,73.24,BuildingA_Floor2,TypeA
1024,2025-04-10 14:07:46,31.33,63.43,BuildingB_Floor1,TypeC
1061,2025-04-10 10:26:26,17.74,59.18,BuildingB_Floor2,TypeA
1006,2025-04-09 19:23:22,28.03,79.43,BuildingA_Floor1,TypeB
1065,2025-04-09 03:01:31,15.12,56.43,BuildingA_Floor2,TypeA
1065,2025-04-09 01:42:08,26.77,59.09,BuildingB_Floor1,TypeA
1034,2025-04-06 15:33:27,15.39,31.21,BuildingA_Floor1,TypeC
1049,2025-04-08 08:35:23,34.03,63.01,BuildingB_Floor2,TypeB
1064,2025-04-07 08:19:16,25.42,63.33,BuildingB_Floor1,TypeC
1097,2025-04-05 19:50:12,15.99,61.88,BuildingA_Floor2,TypeB
1045,2025-04-09 07:04:19,19.63,40.45,BuildingA_Floor2,TypeB
1083,2025-04-06 02:52:54,25.21,43.5,BuildingB_Floor2,TypeC
1053,2025-04-10 16:48:01,33.77,61.55,BuildingB_Floor2,TypeA
1074,2025-04-06 05:42:51,33.69,59.36,BuildingB_Floor1,TypeB
1058,2025-04-08 02:45:37,28.44,78.64,BuildingA_Floor1,TypeA
1061,2025-04-06 09:13:33,31.75,64.58,BuildingB_Floor2,TypeB
1072,2025-04-06 09:21:15,28.98,39.81,BuildingA_Floor1,TypeA
1012,2025-04-07 04:27:25,28.6,32.49,BuildingB_Floor1,TypeC
1069,2025-04-09 18:52:38,30.76,42.81,BuildingB_Floor1,TypeB
1047,2025-04-08 00:02:52,25.27,71.15,BuildingB_Floor2,TypeB
1009,2025-04-07 11:37:03,17.79,38.77,BuildingB_Floor2,TypeA
1079,2025-04-08 11:22:52,33.43,55.79,BuildingB_Floor1,TypeB
1038,2025-04-09 18:45:57,16.87,66.12,BuildingB_Floor1,TypeC
1004,2025-04-09 16:37:57,30.54,73.7,BuildingB_Floor1,TypeB
1028,2025-04-07 11:36:45,26.59,39.33,BuildingA_Floor2,TypeA
1025,2025-04-06 03:07:56,34.67,45.32,BuildingB_Floor1,TypeB
1058,2025-04-06 09:24:58,30.18,37.73,BuildingA_Floor1,TypeC
1093,2025-04-07 17:10:04,24.43,52.75,BuildingA_Floor2,TypeC
1099,2025-04-09 18:08:08,25.19,61.88,BuildingB_Floor2,TypeC
1090,2025-04-09 08:10:26,21.49,64.24,BuildingA_Floor2,TypeA
1065,2025-04-08 03:47:36,23.82,45.27,BuildingA_Floor2,TypeA
1019,2025-04-08 22:50:29,19.88,66.47,BuildingA_Floor2,TypeB
1023,2025-04-08 12:33:18,22.4,32.17,BuildingB_Floor2,TypeC
1084,2025-04-08 12:18:57,15.5,49.58,BuildingA_Floor2,TypeA
1048,2025-04-06 17:14:03,32.56,46.59,BuildingA_Floor1,TypeA
1000,2025-04-06 05:40:17,15.43,60.99,BuildingA_Floor2,TypeA
1055,2025-04-07 08:30:46,27.57,48.87,BuildingB_Floor1,TypeB
1088,2025-04-06 00:56:07,16.58,62.32,BuildingB_Floor1,TypeB
1015,2025-04-06 13:15:48,18.56,51.84,BuildingB_Floor2,TypeB
1091,2025-04-08 16:21:15,23.14,70.18,BuildingA_Floor2,TypeC
1023,2025-04-05 19:51:51,31.59,41.94,BuildingB_Floor1,TypeC
1059,2025-04-07 17:21:29,30.66,52.18,BuildingB_Floor2,TypeC
1026,2025-04-06 09:40:28,29.2,59.72,BuildingB_Floor1,TypeB
1038,2025-04-09 01:56:58,24.02,48.88,BuildingA_Floor1,TypeA
1031,2025-04-09 16:43:23,32.92,37.01,BuildingA_Floor1,TypeC
1033,2025-04-09 08:18:47,23.4,46.38,BuildingA_Floor1,TypeC
1064,2025-04-06 15:41:44,26.92,60.08,BuildingB_Floor1,TypeB
1059,2025-04-10 16:29:55,20.45,69.25,BuildingB_Floor2,TypeB
1094,2025-04-06 04:56:03,17.36,68.87,BuildingA_Floor1,TypeC
1026,2025-04-08 09:03:04,26.87,69.36,BuildingB_Floor1,TypeB
1034,2025-04-06 20:58:08,31.81,60.19,BuildingB_Floor1,TypeB
1006,2025-04-07 16:00:18,22.99,67.73,BuildingA_Floor2,TypeC
1099,2025-04-06 05:55:02,29.79,79.78,BuildingA_Floor2,TypeC
1002,2025-04-08 19:02:46,20.67,77.04,BuildingB_Floor2,TypeA
1081,2025-04-10 01:11:15,32.05,46.66,BuildingA_Floor2,TypeA
1074,2025-04-07 15:03:02,29.64,60.75,BuildingA_Floor1,TypeC
1082,2025-04-05 22:02:42,23.02,63.66,BuildingB_Floor1,TypeC
1069,2025-04-09 21:56:49,16.03,52.64,BuildingB_Floor2,TypeA
1004,2025-04-06 09:32:17,34.73,36.02,BuildingB_Floor1,TypeC
1043,2025-04-07 21:09:53,24.53,67.46,BuildingB_Floor1,TypeA
1040,2025-04-06 03:08:18,25.9,49.49,BuildingA_Floor1,TypeC
1001,2025-04-06 17:41:35,25.27,48.45,BuildingA_Floor2,TypeB
1007,2025-04-09 19:29:34,28.77,63.56,BuildingB_Floor1,TypeA
1039,2025-04-10 13:56:29,30.16,63.37,BuildingB_Floor2,TypeA
1084,2025-04-06 20:25:03,20.28,79.25,BuildingA_Floor2,TypeA
1056,2025-04-08 15:43:05,33.85,44.5,BuildingB_Floor2,TypeC
1019,2025-04-07 09:40:50,19.84,57.52,BuildingA_Floor2,TypeB
1066,2025-04-05 23:59:11,16.75,61.25,BuildingA_Floor2,TypeB
1076,2025-04-05 20:21:09,28.83,68.0,BuildingA_Floor2,TypeC
1067,2025-04-08 08:51:26,29.26,45.61,BuildingB_Floor2,TypeC
1049,2025-04-06 01:00:31,23.54,41.63,BuildingB_Floor1,TypeC
1042,2025-04-10 13:13:22,26.79,49.58,BuildingB_Floor2,TypeA
1002,2025-04-09 20:21:18,30.25,52.58,BuildingB_Floor2,TypeC
1051,2025-04-09 16:00:18,22.98,61.96,BuildingA_Floor2,TypeB
1008,2025-04-09 18:47:11,24.18,31.67,BuildingB_Floor2,TypeB
1069,2025-04-10 16:31:17,23.44,60.04,BuildingA_Floor2,TypeA
1093,2025-04-10 06:48:47,33.25,36.13,BuildingA_Floor1,TypeC
1092,2025-04-07 23:12:23,30.75,64.06,BuildingB_Floor1,TypeA
1082,2025-04-08 17:48:05,27.77,30.73,BuildingB_Floor1,TypeB
1099,2025-04-08 18:18:01,30.05,73.19,BuildingA_Floor1,TypeC
1053,2025-04-07 04:13:10,33.25,63.9,BuildingB_Floor2,TypeC
1089,2025-04-08 15:29:19,20.82,67.02,BuildingA_Floor2,TypeB
1017,2025-04-06 09:51:28,30.05,79.7,BuildingB_Floor1,TypeB
1056,2025-04-08 14:14:22,19.51,67.49,BuildingB_Floor1,TypeA
1084,2025-04-08 13:04:59,33.71,63.21,BuildingB_Floor2,TypeC
1072,2025-04-09 21:40:33,21.6,46.78,BuildingB_Floor1,TypeA
1026,2025-04-07 00:52:59,30.27,46.98,BuildingA_Floor1,TypeB
1088,2025-04-09 21:16:59,16.46,74.86,BuildingA_Floor2,TypeA
1050,2025-04-09 14:59:43,32.38,67.62,BuildingA_Floor1,TypeA
1097,2025-04-08 05:00:57,26.74,45.57,BuildingB_Floor2,TypeA
1076,2025-04-08 04:39:23,26.62,75.16,BuildingA_Floor2,TypeA
1036,2025-04-10 12:36:56,16.46,44.05,BuildingB_Floor2,TypeB
1063,2025-04-08 05:00:56,16.55,51.92,BuildingA_Floor1,TypeA
1085,2025-04-10 18:10:45,25.58,40.98,BuildingA_Floor2,TypeB
1024,2025-04-08 05:13:28,17.76,42.72,BuildingA_Floor2,TypeA
1059,2025-04-10 16:30:46,31.92,60.19,BuildingB_Floor2,TypeA
1078,2025-04-06 02:44:26,27.14,78.26,BuildingB_Floor2,TypeC
1078,2025-04-05 23:00:04,26.62,76.82,BuildingB_Floor2,TypeA
1025,2025-04-10 14:53:34,20.4,48.78,BuildingB_Floor2,TypeB
1053,2025-04-09 09:50:52,28.29,48.99,BuildingB_Floor1,TypeC
1024,2025-04-06 06:37:48,30.0,36.84,BuildingA_Floor1,TypeC
1022,2025-04-10 00:51:25,24.93,68.45,BuildingB_Floor2,TypeC
1010,2025-04-07 13:11:43,32.14,57.8,BuildingB_Floor2,TypeC
1043,2025-04-08 16:42:29,24.38,32.89,BuildingA_Floor1,TypeA
1012,2025-04-07 23:07:28,22.88,79.36,BuildingA_Floor2,TypeB
1076,2025-04-09 19:15:26,30.53,55.49,BuildingB_Floor1,TypeB
1049,2025-04-07 09:55:30,26.46,55.36,BuildingA_Floor1,TypeB
1045,2025-04-10 03:43:19,27.26,39.88,BuildingB_Floor2,TypeB
1096,2025-04-08 20:26:12,24.85,47.1,BuildingA_Floor2,TypeC
1095,2025-04-10 11:43:58,18.31,38.38,BuildingB_Floor1,TypeA
1067,2025-04-08 02:20:08,32.93,71.06,BuildingB_Floor2,TypeB
1052,2025-04-08 11:04:21,33.22,35.77,BuildingB_Floor2,TypeC
1058,2025-04-06 22:11:59,29.11,32.55,BuildingA_Floor2,TypeB
1057,2025-04-07 07:17:13,33.17,41.11,BuildingB_Floor1,TypeB
1079,2025-04-07 23:42:08,22.88,67.88,BuildingB_Floor1,TypeC
1043,2025-04-10 01:51:38,24.49,66.56,BuildingA_Floor2,TypeC
1056,2025-04-06 04:25:21,20.02,44.38,BuildingA_Floor1,TypeC
1073,2025-04-05 21:00:34,31.61,54.43,BuildingA_Floor1,TypeC
1040,2025-04-09 05:20:12,17.1,42.28,BuildingA_Floor2,TypeB
1096,2025-04-07 21:41:38,17.56,48.13,BuildingA_Floor1,TypeA
1073,2025-04-08 01:48:20,29.07,31.9,BuildingB_Floor2,TypeC
1013,2025-04-08 16:05:12,32.01,65.14,BuildingA_Floor2,TypeA
1017,2025-04-09 13:36:06,20.01,53.91,BuildingB_Floor1,TypeB
1096,2025-04-07 16:03:42,34.56,71.4,BuildingB_Floor1,TypeB
1024,2025-04-09 14:00:27,20.94,34.73,BuildingA_Floor1,TypeC
1005,2025-04-06 09:05:32,33.71,67.0,BuildingA_Floor2,TypeC
1083,2025-04-09 10:59:37,19.89,52.9,BuildingB_Floor2,TypeC
1021,2025-04-06 22:10:12,18.16,78.13,BuildingB_Floor2,TypeA
1022,2025-04-09 12:56:48,23.43,40.73,BuildingB_Floor2,TypeB
1032,2025-04-06 19:45:23,24.48,53.63,BuildingA_Floor2,TypeC
1032,2025-04-08 14:06:10,34.87,75.91,BuildingA_Floor1,TypeC
1080,2025-04-09 00:05:13,31.99,38.7,BuildingA_Floor2,TypeA
1013,2025-04-10 12:19:31,28.85,79.39,BuildingB_Floor2,TypeC
1094,2025-04-10 03:49:39,20.63,32.95,BuildingA_Floor1,TypeA
1002,2025-04-09 14:14:14,20.24,33.48,BuildingB_Floor1,TypeC
1092,2025-04-06 21:29:49,27.01,76.58,BuildingA_Floor1,TypeA
1062,2025-04-05 22:28:54,33.16,46.3,BuildingB_Floor2,TypeC
1071,2025-04-10 06:19:13,32.6,38.45,BuildingA_Floor1,TypeA
1038,2025-04-10 09:39:33,17.11,51.42,BuildingB_Floor1,TypeC
1046,2025-04-06 19:29:05,22.0,48.31,BuildingA_Floor1,TypeA
1067,2025-04-10 01:28:43,28.13,75.16,BuildingB_Floor2,TypeA
1007,2025-04-08 19:11:03,21.64,77.8,BuildingB_Floor1,TypeA
1006,2025-04-05 23:06:11,17.23,31.02,BuildingA_Floor2,TypeB
1042,2025-04-09 19:50:56,15.38,56.64,BuildingB_Floor1,TypeB
1030,2025-04-09 01:47:00,22.13,46.15,BuildingB_Floor1,TypeA
1083,2025-04-09 12:23:41,32.12,74.77,BuildingA_Floor1,TypeB
1032,2025-04-09 06:48:37,23.86,51.28,BuildingB_Floor1,TypeA
1007,2025-04-07 02:56:05,23.66,55.71,BuildingA_Floor2,TypeC
1021,2025-04-10 09:00:37,31.1,56.92,BuildingB_Floor2,TypeA
1023,2025-04-09 14:07:43,28.08,45.44,BuildingA_Floor2,TypeA
1035,2025-04-09 16:47:40,24.52,41.38,BuildingA_Floor1,TypeC
1003,2025-04-05 23:48:59,20.06,57.09,BuildingB_Floor2,TypeB
1041,2025-04-08 15:21:22,23.46,62.16,BuildingA_Floor1,TypeA
1083,2025-04-08 08:48:54,23.08,65.43,BuildingB_Floor2,TypeC
1004,2025-04-07 14:37:05,26.03,78.19,BuildingA_Floor2,TypeB
1088,2025-04-06 08:44:17,30.92,44.88,BuildingB_Floor2,TypeA
1050,2025-04-06 09:00:16,34.11,32.8,BuildingB_Floor1,TypeC
1045,2025-04-09 00:29:27,32.92,59.01,BuildingA_Floor1,TypeC
1028,2025-04-10 15:40:06,16.78,79.66,BuildingA_Floor2,TypeA
1028,2025-04-07 14:13:10,25.54,44.79,BuildingA_Floor1,TypeA
1084,2025-04-10 07:54:05,18.8,58.58,BuildingB_Floor1,TypeB
1012,2025-04-10 11:53:50,24.43,55.79,BuildingB_Floor1,TypeB
1033,2025-04-05 20:50:59,19.45,34.33,BuildingA_Floor2,TypeC
1059,2025-04-06 17:12:16,26.73,67.09,BuildingB_Floor2,TypeC
1062,2025-04-07 03:56:22,21.77,35.64,BuildingB_Floor1,TypeB
1014,2025-04-10 15:17:11,23.88,41.46,BuildingB_Floor2,TypeA
1012,2025-04-06 17:18:20,16.89,51.42,BuildingA_Floor2,TypeB
1067,2025-04-08 21:58:17,23.86,58.47,BuildingB_Floor1,TypeC
1005,2025-04-09 00:23:48,21.29,71.64,BuildingB_Floor1,TypeC
1097,2025-04-09 12:24:16,21.34,69.5,BuildingB_Floor2,TypeB
1008,2025-04-06 07:26:45,24.49,49.37,BuildingA_Floor2,TypeB
1009,2025-04-06 15:36:27,17.34,51.97,BuildingA_Floor1,TypeA
1077,2025-04-07 16:08:25,18.98,59.89,BuildingB_Floor1,TypeB
1077,2025-04-06 15:25:18,22.17,65.89,BuildingB_Floor2,TypeA
1045,2025-04-07 17:17:28,33.34,77.44,BuildingA_Floor1,TypeA
1040,2025-04-09 09:33:15,28.26,46.28,BuildingA_Floor2,TypeA
1067,2025-04-07 02:12:20,34.47,30.91,BuildingA_Floor2,TypeB
1009,2025-04-09 14:22:09,17.67,62.32,BuildingB_Floor1,TypeB
1066,2025-04-06 17:10:46,15.68,68.63,BuildingB_Floor2,TypeB
1004,2025-04-05 18:54:17,19.41,50.42,BuildingA_Floor1,TypeA
1079,2025-04-08 03:13:27,20.68,37.66,BuildingA_Floor1,TypeB
1010,2025-04-08 03:20:57,32.9,51.71,BuildingB_Floor1,TypeA
1061,2025-04-07 04:17:47,32.7,75.07,BuildingB_Floor2,TypeA
1035,2025-04-05 23:16:29,15.21,63.64,BuildingB_Floor1,TypeA
1022,2025-04-08 01:49:33,20.28,43.68,BuildingB_Floor1,TypeA
1014,2025-04-10 15:14:25,22.95,35.66,BuildingA_Floor1,TypeA
1012,2025-04-07 07:20:37,27.79,63.24,BuildingA_Floor2,TypeA
1085,2025-04-05 21:25:18,16.98,76.23,BuildingB_Floor2,TypeA
1046,2025-04-06 09:39:47,26.23,58.12,BuildingA_Floor1,TypeC
1003,2025-04-06 18:24:05,29.42,37.14,BuildingA_Floor2,TypeA
1086,2025-04-07 07:39:35,21.61,35.18,BuildingB_Floor2,TypeC
1031,2025-04-08 18:23:05,21.59,53.23,BuildingB_Floor1,TypeC
1072,2025-04-07 12:20:26,15.03,48.59,BuildingA_Floor1,TypeA
1014,2025-04-08 18:30:40,33.67,70.76,BuildingB_Floor1,TypeB
1003,2025-04-09 14:54:45,18.31,58.05,BuildingB_Floor1,TypeC
1008,2025-04-06 17:04:34,28.06,71.09,BuildingA_Floor1,TypeC
1093,2025-04-08 18:57:01,29.22,31.28,BuildingA_Floor1,TypeB
1077,2025-04-08 01:51:21,31.7,72.37,BuildingB_Floor1,TypeB
1079,2025-04-08 01:55:07,30.09,72.56,BuildingA_Floor2,TypeA
1092,2025-04-08 01:23:39,20.99,37.36,BuildingA_Floor1,TypeA
1044,2025-04-06 14:12:24,33.58,34.03,BuildingA_Floor1,TypeB
1029,2025-04-09 08:14:28,19.95,77.48,BuildingB_Floor1,TypeB
1079,2025-04-07 16:28:57,17.26,66.25,BuildingB_Floor2,TypeB
1029,2025-04-10 02:40:48,26.69,51.9,BuildingB_Floor2,TypeC
1059,2025-04-07 20:17:32,24.17,32.91,BuildingA_Floor2,TypeC
1062,2025-04-07 21:22:46,30.5,60.7,BuildingB_Floor1,TypeC
1054,2025-04-10 01:12:35,24.53,33.5,BuildingA_Floor1,TypeC
1021,2025-04-05 20:18:51,26.1,64.63,BuildingB_Floor2,TypeB
1021,2025-04-09 05:06:21,29.9,65.08,BuildingA_Floor2,TypeA
1079,2025-04-07 06:09:44,29.13,74.25,BuildingA_Floor1,TypeA
1065,2025-04-07 18:57:49,32.01,39.79,BuildingB_Floor1,TypeC
1068,2025-04-07 21:25:12,21.98,73.33,BuildingB_Floor2,TypeA
1084,2025-04-08 01:57:14,22.13,59.88,BuildingB_Floor2,TypeC
1055,2025-04-10 04:35:49,25.95,46.03,BuildingA_Floor2,TypeA
1009,2025-04-08 09:06:33,20.31,71.58,BuildingA_Floor2,TypeC
1061,2025-04-08 05:51:25,19.64,52.82,BuildingB_Floor1,TypeB
1065,2025-04-07 13:24:57,31.85,52.14,BuildingB_Floor2,TypeA
1076,2025-04-09 13:03:28,31.98,48.66,BuildingA_Floor1,TypeB
1053,2025-04-05 18:23:57,22.42,46.59,BuildingB_Floor2,TypeC
1019,2025-04-10 01:17:34,28.63,45.48,BuildingA_Floor2,TypeC
1026,2025-04-10 16:09:22,23.97,66.19,BuildingA_Floor2,TypeA
1024,2025-04-10 15:25:28,32.84,40.96,BuildingB_Floor1,TypeA
1032,2025-04-08 19:08:21,15.32,32.06,BuildingB_Floor1,TypeA
1078,2025-04-08 04:07:15,18.04,34.22,BuildingA_Floor2,TypeA
1099,2025-04-06 22:27:28,21.27,67.39,BuildingA_Floor2,TypeB
1084,2025-04-07 18:52:50,32.03,56.13,BuildingA_Floor1,TypeB
1046,2025-04-05 22:44:01,19.09,54.73,BuildingA_Floor1,TypeC
1048,2025-04-09 06:26:12,31.86,74.32,BuildingB_Floor1,TypeB
1039,2025-04-10 15:26:26,15.33,50.76,BuildingA_Floor2,TypeC
1046,2025-04-05 18:41:27,27.45,68.9,BuildingA_Floor2,TypeB
1003,2025-04-10 07:16:28,34.08,77.69,BuildingA_Floor2,TypeC
1034,2025-04-08 01:17:37,17.17,60.6,BuildingA_Floor2,TypeC
1041,2025-04-06 18:33:49,21.6,36.44,BuildingA_Floor1,TypeB
1050,2025-04-09 19:02:19,31.23,31.03,BuildingB_Floor2,TypeC
1086,2025-04-07 13:32:32,21.01,77.51,BuildingA_Floor2,TypeB
1067,2025-04-06 00:16:54,24.99,40.81,BuildingA_Floor1,TypeB
1054,2025-04-06 23:41:48,27.11,36.08,BuildingB_Floor2,TypeC
1062,2025-04-06 01:16:06,30.49,43.95,BuildingB_Floor1,TypeC
1022,2025-04-06 01:59:24,26.63,68.32,BuildingB_Floor2,TypeC
1048,2025-04-08 09:49:15,27.26,47.44,BuildingA_Floor1,TypeB
1054,2025-04-10 05:13:35,26.08,56.84,BuildingB_Floor1,TypeC
1023,2025-04-10 08:27:21,32.95,68.57,BuildingB_Floor2,TypeB
1002,2025-04-06 17:04:02,18.18,77.84,BuildingB_Floor2,TypeA
1030,2025-04-07 00:44:43,32.71,37.4,BuildingB_Floor2,TypeA
1086,2025-04-06 01:24:24,30.82,65.33,BuildingB_Floor2,TypeA
1079,2025-04-07 11:55:45,28.77,34.03,BuildingA_Floor2,TypeB
1097,2025-04-09 14:58:13,31.68,52.28,BuildingA_Floor1,TypeA
1099,2025-04-09 02:27:38,23.45,71.9,BuildingA_Floor1,TypeB
1061,2025-04-07 20:22:35,31.43,51.82,BuildingB_Floor1,TypeC
1013,2025-04-10 13:31:48,18.64,53.08,BuildingA_Floor2,TypeB
1055,2025-04-06 14:34:48,24.03,65.57,BuildingB_Floor2,TypeC
1049,2025-04-10 00:36:22,17.22,46.62,BuildingA_Floor1,TypeB
1071,2025-04-08 00:28:31,30.92,31.05,BuildingA_Floor1,TypeB
1030,2025-04-09 00:26:24,21.98,49.35,BuildingA_Floor2,TypeB
1076,2025-04-05 23:49:46,19.06,30.74,BuildingA_Floor1,TypeB
1001,2025-04-09 01:12:58,17.83,45.59,BuildingB_Floor2,TypeC
1021,2025-04-09 02:10:51,19.36,71.3,BuildingB_Floor1,TypeC
1065,2025-04-09 09:33:32,28.67,43.64,BuildingB_Floor1,TypeC
1033,2025-04-05 18:36:47,22.46,31.94,BuildingB_Floor1,TypeC
1047,2025-04-10 00:12:02,30.85,39.35,BuildingB_Floor1,TypeB
1073,2025-04-06 02:11:10,19.39,31.65,BuildingA_Floor2,TypeB
1080,2025-04-06 04:01:13,16.8,74.88,BuildingA_Floor2,TypeB
1042,2025-04-09 17:31:58,24.46,35.5,BuildingB_Floor2,TypeC
1087,2025-04-07 05:28:38,33.52,64.98,BuildingA_Floor2,TypeA
1080,2025-04-07 22:20:54,32.64,33.99,BuildingA_Floor2,TypeC
1027,2025-04-08 04:26:37,32.03,71.31,BuildingB_Floor2,TypeA
1051,2025-04-09 01:00:27,17.39,73.06,BuildingA_Floor2,TypeA
1084,2025-04-09 12:53:07,24.35,44.44,BuildingB_Floor1,TypeA
1085,2025-04-10 15:14:29,24.11,61.49,BuildingA_Floor2,TypeB
1053,2025-04-06 23:52:56,24.22,72.29,BuildingA_Floor2,TypeC
1091,2025-04-09 04:14:26,15.54,42.86,BuildingB_Floor2,TypeB
1000,2025-04-08 01:37:00,17.51,67.43,BuildingB_Floor1,TypeB
1069,2025-04-09 20:32:40,25.58,46.74,BuildingA_Floor2,TypeB
1048,2025-04-09 18:56:55,30.95,73.74,BuildingA_Floor2,TypeA
1099,2025-04-08 18:08:27,18.69,40.54,BuildingA_Floor2,TypeC
1012,2025-04-10 10:49:37,22.1,60.78,BuildingB_Floor2,TypeB
1028,2025-04-08 03:58:31,16.82,38.76,BuildingA_Floor1,TypeB
1069,2025-04-07 17:47:45,25.14,33.49,BuildingB_Floor1,TypeB
1028,2025-04-09 21:42:40,24.39,70.08,BuildingB_Floor1,TypeC
1005,2025-04-06 21:34:29,24.47,30.44,BuildingB_Floor1,TypeC
1073,2025-04-08 21:27:34,21.96,43.29,BuildingA_Floor1,TypeA
1044,2025-04-08 16:40:13,29.25,33.64,BuildingA_Floor1,TypeC
1016,2025-04-08 07:46:46,19.47,66.22,BuildingA_Floor1,TypeA
1057,2025-04-07 22:41:03,20.57,37.27,BuildingB_Floor2,TypeC
1020,2025-04-08 00:27:24,31.5,57.36,BuildingA_Floor2,TypeC
1053,2025-04-07 02:00:16,21.81,30.93,BuildingB_Floor2,TypeA
1093,2025-04-09 07:29:22,24.72,44.7,BuildingB_Floor1,TypeB
1057,2025-04-07 09:11:21,27.0,31.8,BuildingB_Floor2,TypeA
1081,2025-04-10 11:48:57,28.78,54.74,BuildingA_Floor2,TypeC
1091,2025-04-07 00:30:26,16.1,38.23,BuildingB_Floor1,TypeB
1092,2025-04-05 19:51:40,23.14,37.92,BuildingA_Floor1,TypeA
1098,2025-04-10 13:42:12,32.69,68.0,BuildingB_Floor2,TypeB
1091,2025-04-09 21:16:37,29.69,62.86,BuildingA_Floor1,TypeB
1085,2025-04-09 08:44:33,18.95,77.85,BuildingA_Floor2,TypeA
1089,2025-04-08 05:32:31,20.81,39.57,BuildingB_Floor2,TypeC
1087,2025-04-07 03:28:42,18.36,45.18,BuildingB_Floor2,TypeC
1095,2025-04-07 11:03:04,24.97,37.96,BuildingB_Floor2,TypeC
1075,2025-04-08 03:36:24,31.1,30.63,BuildingB_Floor1,TypeC
1046,2025-04-08 11:05:37,23.73,75.02,BuildingB_Floor1,TypeB
1073,2025-04-08 18:52:23,34.79,30.55,BuildingA_Floor1,TypeC
1093,2025-04-08 21:32:20,21.56,43.01,BuildingA_Floor1,TypeC
1097,2025-04-07 01:23:54,17.14,30.68,BuildingA_Floor1,TypeA
1083,2025-04-08 22:14:39,24.05,32.21,BuildingA_Floor1,TypeA
1031,2025-04-06 06:43:24,15.69,73.52,BuildingA_Floor1,TypeA
1069,2025-04-06 09:26:14,32.29,73.98,BuildingB_Floor2,TypeB
1032,2025-04-09 00:54:17,17.23,53.31,BuildingB_Floor2,TypeC
1013,2025-04-10 10:49:28,17.18,76.72,BuildingA_Floor1,TypeA
1016,2025-04-09 16:29:31,19.2,43.59,BuildingA_Floor2,TypeB
1051,2025-04-07 00:52:54,28.97,66.92,BuildingA_Floor1,TypeB
1083,2025-04-07 19:37:52,27.27,69.23,BuildingB_Floor2,TypeB
1064,2025-04-05 20:52:19,16.51,66.67,BuildingA_Floor1,TypeB
1061,2025-04-10 17:56:34,19.47,58.73,BuildingB_Floor1,TypeB
1049,2025-04-09 01:32:58,26.63,37.23,BuildingA_Floor2,TypeB
1022,2025-04-06 14:08:36,21.22,52.87,BuildingB_Floor2,TypeC
1047,2025-04-09 08:40:59,23.28,55.57,BuildingA_Floor1,TypeC
1066,2025-04-05 20:31:01,18.25,68.0,BuildingB_Floor1,TypeA
1081,2025-04-05 19:14:22,29.91,40.97,BuildingA_Floor2,TypeA
1083,2025-04-08 16:37:43,16.57,59.67,BuildingB_Floor2,TypeC
1047,2025-04-07 14:34:05,23.77,54.98,BuildingB_Floor1,TypeC
1029,2025-04-05 23:21:28,31.03,64.81,BuildingA_Floor1,TypeA
1082,2025-04-07 10:38:10,22.61,70.43,BuildingB_Floor2,TypeB
1022,2025-04-06 22:08:35,22.61,79.46,BuildingA_Floor1,TypeB
1045,2025-04-10 18:08:12,31.54,45.46,BuildingA_Floor1,TypeA
1030,2025-04-08 09:31:55,17.59,65.54,BuildingA_Floor2,TypeB
1021,2025-04-06 02:10:22,32.75,33.38,BuildingA_Floor2,TypeB
1093,2025-04-09 22:02:35,28.69,67.12,BuildingA_Floor2,TypeA
1025,2025-04-05 21:14:46,23.63,47.11,BuildingA_Floor1,TypeC
1081,2025-04-06 21:17:18,15.71,50.64,BuildingA_Floor1,TypeB
1055,2025-04-08 04:41:05,31.6,79.83,BuildingB_Floor1,TypeA
1073,2025-04-05 19:47:50,19.65,53.0,BuildingB_Floor2,TypeC
1098,2025-04-08 22:02:51,20.08,60.67,BuildingB_Floor2,TypeB
1000,2025-04-10 14:34:54,30.46,74.9,BuildingA_Floor2,TypeB
1039,2025-04-06 14:47:43,28.14,47.6,BuildingA_Floor1,TypeA
1062,2025-04-09 21:56:47,27.77,55.3,BuildingB_Floor1,TypeA
1015,2025-04-10 14:19:14,30.01,65.79,BuildingA_Floor1,TypeA
1034,2025-04-07 01:47:49,34.47,56.23,BuildingB_Floor2,TypeA
1060,2025-04-06 17:58:38,31.87,51.87,BuildingB_Floor2,TypeB
1094,2025-04-08 04:57:09,32.2,49.4,BuildingA_Floor1,TypeC
1057,2025-04-05 21:27:37,21.6,70.82,BuildingB_Floor1,TypeA
1018,2025-04-06 18:00:41,24.63,75.06,BuildingA_Floor2,TypeC
1047,2025-04-08 06:56:50,20.56,33.21,BuildingA_Floor1,TypeC
1069,2025-04-08 18:36:07,18.28,67.65,BuildingA_Floor1,TypeB
1066,2025-04-09 04:38:38,20.1,72.61,BuildingB_Floor1,TypeB
1064,2025-04-09 12:58:30,28.27,62.15,BuildingA_Floor2,TypeA
1076,2025-04-06 03:33:57,30.43,45.83,BuildingB_Floor1,TypeA
1044,2025-04-06 16:38:57,21.77,55.9,BuildingB_Floor1,TypeB
1020,2025-04-10 06:15:13,21.74,72.71,BuildingB_Floor1,TypeC
1088,2025-04-06 09:39:08,24.48,53.46,BuildingA_Floor1,TypeB
1006,2025-04-06 06:28:18,19.1,69.19,BuildingB_Floor1,TypeB
1009,2025-04-10 05:54:50,23.92,68.46,BuildingA_Floor2,TypeB
1080,2025-04-09 19:39:39,17.84,72.52,BuildingB_Floor1,TypeA
1012,2025-04-09 06:01:22,23.94,56.38,BuildingA_Floor1,TypeC
1037,2025-04-07 13:37:35,26.18,30.42,BuildingB_Floor1,TypeA
1075,2025-04-10 04:14:23,32.95,73.7,BuildingB_Floor1,TypeA
1062,2025-04-05 19:56:27,34.06,47.69,BuildingB_Floor1,TypeA
1009,2025-04-09 07:32:58,22.68,61.92,BuildingA_Floor1,TypeC
1067,2025-04-07 21:21:34,26.13,45.49,BuildingB_Floor2,TypeB
1049,2025-04-09 15:52:41,33.28,71.74,BuildingA_Floor1,TypeA
1050,2025-04-08 06:44:37,16.48,76.87,BuildingA_Floor2,TypeA
1061,2025-04-07 17:38:32,18.49,63.46,BuildingB_Floor2,TypeA
1054,2025-04-08 14:01:43,25.83,47.58,BuildingA_Floor1,TypeC
1024,2025-04-08 21:42:00,26.75,48.67,BuildingB_Floor2,TypeB
1007,2025-04-06 19:54:03,19.71,71.07,BuildingA_Floor2,TypeC
1040,2025-04-10 07:06:50,30.91,47.02,BuildingA_Floor2,TypeA
1056,2025-04-08 16:50:12,21.21,45.5,BuildingA_Floor1,TypeC
1048,2025-04-07 07:20:48,19.61,78.48,BuildingA_Floor2,TypeA
1075,2025-04-08 05:41:44,25.99,52.68,BuildingB_Floor1,TypeC
1023,2025-04-09 05:11:37,29.04,76.27,BuildingA_Floor2,TypeA
1053,2025-04-06 18:44:11,23.89,43.36,BuildingB_Floor2,TypeC
1075,2025-04-08 12:11:57,33.89,61.49,BuildingA_Floor2,TypeC
1075,2025-04-10 05:49:21,26.04,77.53,BuildingA_Floor1,TypeC
1083,2025-04-08 08:22:32,33.28,64.11,BuildingA_Floor1,TypeB
1022,2025-04-09 08:44:50,20.68,70.31,BuildingB_Floor1,TypeA
1078,2025-04-06 11:04:15,28.61,66.76,BuildingA_Floor1,TypeA
1098,2025-04-07 20:08:35,27.02,32.04,BuildingA_Floor1,TypeB
1045,2025-04-09 23:43:24,34.6,71.66,BuildingA_Floor2,TypeB
1031,2025-04-09 16:00:40,15.38,76.51,BuildingA_Floor2,TypeA
1019,2025-04-08 00:56:20,27.04,74.89,BuildingA_Floor1,TypeC
1065,2025-04-08 16:25:46,18.7,51.93,BuildingA_Floor1,TypeA
1060,2025-04-06 09:43:19,26.68,46.8,BuildingA_Floor2,TypeA
1051,2025-04-06 18:57:39,19.58,71.86,BuildingB_Floor2,TypeB
1096,2025-04-07 05:40:17,22.09,77.93,BuildingA_Floor2,TypeA
1057,2025-04-10 06:15:08,32.21,46.41,BuildingB_Floor1,TypeC
1059,2025-04-10 17:02:43,32.26,34.23,BuildingA_Floor1,TypeC
1041,2025-04-07 22:48:32,24.03,32.72,BuildingA_Floor1,TypeB
1049,2025-04-07 01:33:36,29.62,70.78,BuildingA_Floor1,TypeC
1090,2025-04-06 01:29:28,30.72,51.61,BuildingB_Floor1,TypeB
1001,2025-04-08 04:48:41,32.09,37.83,BuildingB_Floor1,TypeB
1055,2025-04-09 09:19:39,22.33,32.83,BuildingA_Floor2,TypeC
1060,2025-04-07 21:37:27,33.09,56.68,BuildingA_Floor2,TypeC
1012,2025-04-09 04:11:33,20.06,31.39,BuildingA_Floor2,TypeB
1094,2025-04-06 19:57:05,27.82,79.75,BuildingB_Floor2,TypeA
1094,2025-04-06 17:58:35,16.4,72.62,BuildingB_Floor2,TypeB
1041,2025-04-09 16:32:02,21.34,54.79,BuildingB_Floor2,TypeA
1039,2025-04-08 17:56:29,18.69,60.55,BuildingB_Floor2,TypeA
1023,2025-04-06 14:03:38,15.69,53.17,BuildingB_Floor1,TypeB
1041,2025-04-07 12:35:21,19.54,37.95,BuildingB_Floor1,TypeA
1087,2025-04-06 21:19:49,19.05,36.91,BuildingA_Floor1,TypeB
1006,2025-04-10 16:38:56,27.09,56.72,BuildingB_Floor2,TypeA
1044,2025-04-05 22:51:49,25.23,61.41,BuildingA_Floor1,TypeA
1046,2025-04-10 16:20:03,18.89,42.41,BuildingA_Floor2,TypeA
1043,2025-04-06 04:54:21,18.57,69.73,BuildingA_Floor1,TypeC
1058,2025-04-06 14:40:26,20.28,37.8,BuildingA_Floor1,TypeA
1072,2025-04-08 18:52:22,25.37,38.44,BuildingA_Floor1,TypeB
1051,2025-04-07 13:22:53,34.85,31.35,BuildingB_Floor1,TypeC
1004,2025-04-09 21:31:47,34.92,61.23,BuildingA_Floor2,TypeB
1065,2025-04-10 01:05:18,32.89,53.75,BuildingB_Floor2,TypeA
1023,2025-04-09 10:37:25,19.38,37.77,BuildingB_Floor1,TypeC
1002,2025-04-07 16:07:08,19.28,34.13,BuildingB_Floor2,TypeA
1009,2025-04-08 03:11:51,17.03,55.26,BuildingB_Floor2,TypeA
1036,2025-04-09 01:28:05,25.84,46.36,BuildingA_Floor1,TypeC
1019,2025-04-09 08:27:45,22.14,58.84,BuildingB_Floor1,TypeA
1094,2025-04-10 09:54:35,16.26,61.78,BuildingA_Floor1,TypeA
1037,2025-04-09 04:59:57,16.74,50.5,BuildingA_Floor1,TypeB
1020,2025-04-06 20:12:24,25.78,66.63,BuildingA_Floor2,TypeA
1064,2025-04-08 13:53:53,26.94,72.31,BuildingA_Floor2,TypeB
1041,2025-04-06 19:22:31,28.1,42.05,BuildingB_Floor1,TypeB
1093,2025-04-09 22:33:57,33.85,46.27,BuildingA_Floor1,TypeC
1077,2025-04-09 05:37:51,31.54,45.54,BuildingA_Floor2,TypeC
1099,2025-04-06 15:01:29,17.92,79.73,BuildingA_Floor1,TypeB
1090,2025-04-08 10:46:31,28.0,79.33,BuildingA_Floor2,TypeA
1083,2025-04-09 02:38:58,32.24,73.7,BuildingA_Floor1,TypeB
1093,2025-04-06 02:24:16,33.34,78.88,BuildingA_Floor1,TypeA
1081,2025-04-08 20:00:40,25.64,48.75,BuildingB_Floor2,TypeC
1015,2025-04-09 01:35:30,16.1,69.22,BuildingB_Floor2,TypeC
1045,2025-04-08 17:44:23,18.92,46.94,BuildingB_Floor1,TypeA
1036,2025-04-05 21:54:16,29.46,36.2,BuildingA_Floor1,TypeA
1032,2025-04-08 07:28:01,25.3,72.71,BuildingA_Floor2,TypeB
1095,2025-04-06 13:21:30,31.98,37.57,BuildingB_Floor1,TypeC
1043,2025-04-08 06:42:44,31.86,42.88,BuildingB_Floor1,TypeB
1067,2025-04-10 03:25:19,28.4,66.67,BuildingB_Floor1,TypeA
1009,2025-04-09 22:25:17,17.18,46.82,BuildingA_Floor2,TypeA
1023,2025-04-07 02:21:04,34.68,33.87,BuildingB_Floor1,TypeB
1060,2025-04-06 13:23:40,19.08,49.02,BuildingA_Floor1,TypeA
1009,2025-04-10 14:36:12,23.55,53.61,BuildingA_Floor1,TypeA
1027,2025-04-07 23:51:37,33.25,78.44,BuildingA_Floor2,TypeC
1090,2025-04-08 22:04:55,18.67,31.18,BuildingA_Floor2,TypeB
1014,2025-04-10 05:43:03,29.82,53.73,BuildingB_Floor2,TypeC
1074,2025-04-07 17:38:57,26.8,41.7,BuildingA_Floor2,TypeC
1047,2025-04-10 00:07:33,29.2,52.79,BuildingA_Floor1,TypeB
